Date,Actual,Predicted,Next_Actual,Predicted_Change,Actual_Change,Position,Market_Return,Strategy_Return,Position_Change,Cumulative_Market_Return,Cumulative_Strategy_Return,Market_Portfolio,Strategy_Portfolio
2023-06-15,0.9265325080525457,0.8932946,0.9206794766938955,-0.004284382,-0.005853031358650229,-1,-0.006317135456965845,0.006317135456965845,0.0,0.9936828645430341,1.0063171354569658,9936.828645430342,10063.171354569658
2023-06-16,0.9206794766938955,0.8890102,0.9231566653540257,0.007146597,0.0024771886601302473,1,0.0026906091890151417,0.0016906091890151417,2.0,0.9963564767893405,1.0080184244532329,9963.564767893406,10080.18424453233
2023-06-20,0.9231566653540257,0.8961568,0.9289423818034337,0.0042678714,0.005785716449407952,1,0.006267318069126609,0.006267318069126609,0.0,1.0026009597396137,1.0143359965388212,10026.009597396138,10143.359965388212
2023-06-21,0.9289423818034337,0.90042466,0.9373264537496087,0.0035961866,0.008384071946174965,1,0.009025395019547137,0.009025395019547137,0.0,1.0116498294482408,1.02349077959013,10116.498294482408,10234.9077959013
2023-06-22,0.9373264537496087,0.90402085,0.9467168835889617,0.0031723976,0.00939042983935301,1,0.010018313045351761,0.010018313045351761,0.0,1.0217848541319299,1.033744430619095,10217.8485413193,10337.44430619095
2023-06-23,0.9467168835889617,0.90719324,0.97190612262757,0.004683912,0.02518923903860837,1,0.026606939704209225,0.026606939704209225,0.0,1.0489714221364923,1.0612492063541394,10489.714221364922,10612.492063541395
2023-06-26,0.97190612262757,0.91187716,0.9696140499678569,0.002970636,-0.002292072659713096,1,-0.002358327215303908,-0.002358327215303908,0.0,1.0464976042835918,1.0587464334685748,10464.976042835919,10587.464334685748
2023-06-27,0.9696140499678569,0.9148478,0.9734341710673788,0.004223287,0.0038201210995219004,1,0.00393983678314948,0.00393983678314948,0.0,1.0506206340384263,1.0629177216111827,10506.206340384264,10629.177216111828
2023-06-28,0.9734341710673788,0.9190711,0.9795396333356894,0.0058773756,0.006105462268310546,1,0.006272085416537058,0.006272085416537058,0.0,1.0572102163954915,1.0695844323518788,10572.102163954914,10695.844323518788
2023-06-29,0.9795396333356894,0.92494845,0.9866110645516319,0.006220579,0.0070714312159425585,1,0.007219137414442087,0.007219137414442087,0.0,1.0648423622236027,1.0773059093453752,10648.423622236027,10773.059093453752
2023-06-30,0.9866110645516319,0.93116903,0.9729999899027635,-0.006601572,-0.01361107464886846,-1,-0.013795785530799869,0.01279578553079987,-2.0,1.0501520253702556,1.0910908847124219,10501.520253702556,10910.90884712422
2023-07-03,0.9729999899027635,0.92456746,0.9829726937070657,0.0066524744,0.009972703804302263,1,0.010249438754155469,0.00924943875415547,2.0,1.0609154942368404,1.1011828630257867,10609.154942368405,11011.828630257867
2023-07-05,0.9829726937070657,0.93121994,0.9846353719653596,0.0034850836,0.0016626782582938038,1,0.001691479599523134,0.001691479599523134,0.0,1.06271001115216,1.1030454913739394,10627.100111521599,11030.454913739393
2023-07-06,0.9846353719653596,0.934705,0.9895459945946126,0.004925728,0.004910622629253014,1,0.00498724986839674,0.00498724986839674,0.0,1.0680100115154223,1.1085466548556295,10680.100115154222,11085.466548556295
2023-07-07,0.9895459945946126,0.93963075,0.9939180979499243,0.0038803816,0.004372103355311685,1,0.0044182922059149005,0.0044182922059149005,0.0,1.0727287918251398,1.1134445379006712,10727.287918251399,11134.445379006713
2023-07-10,0.9939180979499243,0.9435111,0.9927198925654048,0.0026655197,-0.001198205384519424,1,-0.0012055373445667877,-0.0012055373445667877,0.0,1.0714355772060027,1.1121022389291282,10714.355772060027,11121.022389291282
2023-07-11,0.9927198925654048,0.94617665,0.9800377636640849,0.00043302774,-0.012682128901319922,1,-0.012775133243826245,-0.012775133243826245,0.0,1.0577478449450202,1.097894984646051,10577.478449450202,10978.949846460511
2023-07-12,0.9800377636640849,0.9466097,0.9732625180488099,-0.0034045577,-0.006775245615274983,-1,-0.006913249536369139,0.005913249536369139,-2.0,1.0504353701463585,1.1043871116549915,10504.353701463584,11043.871116549915
2023-07-13,0.9732625180488099,0.9432051,0.9639562318460104,-0.009595275,-0.009306286202799496,-1,-0.00956194863175937,0.00956194863175937,0.0,1.040391161096036,1.1149472044862134,10403.911610960358,11149.472044862134
2023-07-14,0.9639562318460104,0.93360984,0.9616506962044487,-0.02310741,-0.0023055356415617734,-1,-0.002391743074420081,0.002391743074420081,0.0,1.0379028127417966,1.1176138717408872,10379.028127417967,11176.138717408872
2023-07-17,0.9616506962044487,0.91050243,0.9660699199962302,0.0009924173,0.004419223791781501,1,0.004595456343164718,0.0035954563431647183,2.0,1.0426724498061994,1.121632203625247,10426.724498061994,11216.32203625247
2023-07-18,0.9660699199962302,0.91149485,0.9789371648979674,0.029666245,0.012867244901737296,1,0.013319165244051391,0.013319165244051391,0.0,1.0565599764605882,1.1365714082883813,10565.599764605882,11365.714082883813
2023-07-19,0.9789371648979674,0.9411611,0.9849988724752701,0.0017549396,0.006061707577302622,1,0.006192131420339344,0.006192131420339344,0.0,1.0631023346883026,1.143609207817103,10631.023346883027,11436.09207817103
2023-07-20,0.9849988724752701,0.94291604,0.9958332071178784,0.0043085217,0.010834334642608301,1,0.010999337101150147,0.010999337101150147,0.0,1.074795755640559,1.1561881510058625,10747.95755640559,11561.881510058625
2023-07-21,0.9958332071178784,0.94722456,0.9955134612989758,0.0009977818,-0.0003197458189025948,1,-0.00032108370821254005,-0.00032108370821254005,0.0,1.0744506562337668,1.1558169178269462,10744.506562337669,11558.169178269462
2023-07-24,0.9955134612989758,0.94822234,0.989175762593778,0.0028905869,-0.006337698705197736,1,-0.006366261182373282,-0.006366261182373282,0.0,1.0676104227286103,1.1484586854490542,10676.104227286103,11484.586854490542
2023-07-25,0.989175762593778,0.9511129,0.97799475616857,-0.0011372566,-0.011181006425208029,-1,-0.01130335664097716,0.01030335664097716,-2.0,1.0555428413668844,1.1602916648726636,10555.428413668844,11602.916648726636
2023-07-26,0.97799475616857,0.94997567,0.9850527244026643,-0.007524669,0.007057968234094325,-1,0.007216775130517973,-0.007216775130517973,0.0,1.063160456693657,1.1519181008414632,10631.60456693657,11519.181008414631
2023-07-27,0.9850527244026643,0.942451,0.9972299914846638,0.008351922,0.01217726708199951,1,0.012362045990364424,0.011362045990364424,2.0,1.076303295154441,1.1650062472803573,10763.032951544408,11650.062472803573
2023-07-28,0.9972299914846638,0.9508029,1.0164618610552958,0.005978167,0.019231869570631943,1,0.01928528998811976,0.01928528998811976,0.0,1.0970601163166631,1.1874737305971301,10970.601163166632,11874.7373059713
2023-07-31,1.0164618610552958,0.9567811,1.017599483021497,0.004083872,0.0011376219662011522,1,0.0011191978861066832,0.0011191978861066832,0.0,1.0982879436797768,1.1888027486862216,10982.879436797768,11888.027486862216
2023-08-01,1.017599483021497,0.96086496,1.0282890906092337,0.0047983527,0.010689607587736738,1,0.010504729774426309,0.010504729774426309,0.0,1.1098251617426431,1.2012908003162657,11098.251617426431,12012.908003162656
2023-08-02,1.0282890906092337,0.9656633,1.027649598971428,0.0024716854,-0.0006394916378056337,1,-0.0006218986894305687,-0.0006218986894305687,0.0,1.1091349629290583,1.2005437191419241,11091.349629290584,12005.437191419242
2023-08-03,1.027649598971428,0.968135,1.028406891700408,0.006418824,0.0007572927289800635,1,0.0007369172622049732,0.0007369172622049732,0.0,1.1099523036293557,1.2014284205325916,11099.523036293556,12014.284205325916
2023-08-04,1.028406891700408,0.9745538,1.02976665286711,0.0047653317,0.0013597611667020004,1,0.001322201531004638,0.001322201531004638,0.0,1.1114198842645566,1.2030169510296123,11114.198842645566,12030.169510296122
2023-08-07,1.02976665286711,0.97931916,1.0408534184193787,0.005049169,0.011086765552268618,1,0.010766289160170882,0.010766289160170882,0.0,1.1233857521169126,1.2159689793889843,11233.857521169126,12159.689793889844
2023-08-08,1.0408534184193787,0.9843683,1.0318668780354814,0.004460633,-0.008986540383897346,1,-0.008633819349456664,-0.008633819349456664,0.0,1.1136866424733818,1.2054705228863967,11136.866424733818,12054.705228863966
2023-08-09,1.0318668780354814,0.98882896,1.0190501193156765,-0.0075036287,-0.012816758719804922,-1,-0.012420942073657886,0.011420942073657885,-2.0,1.0998536051990133,1.2192381318997845,10998.536051990133,12192.381318997845
2023-08-10,1.0190501193156765,0.9813253,1.0375448906301012,0.007467091,0.018494771314424785,1,0.01814903012507824,0.01714903012507824,2.0,1.119814881412946,1.240146883353378,11198.148814129461,12401.46883353378
2023-08-11,1.0375448906301012,0.9887924,1.051388201715857,0.0041288137,0.01384331108575565,1,0.01334237314527047,0.01334237314527047,0.0,1.1347558694143842,1.256693385826023,11347.558694143841,12566.93385826023
2023-08-14,1.051388201715857,0.99292123,1.0490220826559769,0.0025000572,-0.0023661190598800452,1,-0.002250471382519376,-0.002250471382519376,0.0,1.1322021338041213,1.25386523332462,11322.021338041213,12538.6523332462
2023-08-15,1.0490220826559769,0.9954213,1.056726274018801,0.003172338,0.0077041913628241865,1,0.007344165094521417,0.007344165094521417,0.0,1.1405172131951482,1.2630738266044368,11405.172131951482,12630.738266044367
2023-08-16,1.056726274018801,0.9985936,1.0641679372355786,0.0056019425,0.007441663216777528,1,0.007042186230949272,0.007042186230949272,0.0,1.1485489478100717,1.271968627714823,11485.489478100717,12719.68627714823
2023-08-17,1.0641679372355786,1.0041956,1.067200473896961,0.0036580563,0.003032536661382368,1,0.0028496786599867692,0.0028496786599867692,0.0,1.1518219432365964,1.2755933295693946,11518.219432365964,12755.933295693947
2023-08-18,1.067200473896961,1.0078536,1.0748272531141558,0.004099965,0.007626779217194901,1,0.007146529076533443,0.007146529076533443,0.0,1.1600534722449258,1.2847093943889942,11600.534722449258,12847.093943889942
2023-08-21,1.0748272531141558,1.0119536,1.0550063780876506,0.0014513731,-0.019820875026505202,1,-0.018440986650717216,-0.018440986650717216,0.0,1.138660941649139,1.2610180855970157,11386.609416491388,12610.180855970157
2023-08-22,1.0550063780876506,1.013405,1.057867261730464,-0.0062879324,0.00286088364281345,-1,0.002711721656128003,-0.003711721656128003,-2.0,1.141748673183596,1.2563375374599361,11417.48673183596,12563.375374599362
2023-08-23,1.057867261730464,1.007117,1.0668538021143614,0.00485754,0.008986540383897346,1,0.008494960293219701,0.007494960293219701,2.0,1.1514477828271268,1.2657537374180798,11514.477828271269,12657.537374180798
2023-08-24,1.0668538021143614,1.0119746,1.0762745236628735,0.0048758984,0.009420721548512034,1,0.008830377254916677,0.008830377254916677,0.0,1.1616155011388278,1.2769308204313023,11616.155011388279,12769.308204313023
2023-08-25,1.0762745236628735,1.0168505,1.0622023418856923,-0.00023627281,-0.01407218177718117,-1,-0.013074900007192835,0.012074900007192836,-2.0,1.1464274946146324,1.292349632404113,11464.274946146325,12923.49632404113
2023-08-28,1.0622023418856923,1.0166142,1.053353797065743,-0.0030015707,-0.008848544819949344,-1,-0.008330375928413807,0.008330375928413807,0.0,1.136877322609823,1.3031153906729869,11368.77322609823,13031.153906729869
2023-08-29,1.053353797065743,1.0136126,1.0788661476687162,0.0007506609,0.0255123506029733,1,0.024220115476909415,0.023220115476909414,2.0,1.1644126226465126,1.3333738805241515,11644.126226465125,13333.738805241515
2023-08-30,1.0788661476687162,1.0143633,1.0997640612431043,0.008419752,0.020897913574388083,1,0.019370256096685995,0.019370256096685995,0.0,1.1869675933493893,1.3592016740625363,11869.675933493892,13592.016740625364
2023-08-31,1.0997640612431043,1.022783,1.0970983908370944,0.0038763285,-0.0026656704060099567,1,-0.0024238566252081832,-0.0024238566252081832,0.0,1.184090554084342,1.355907164079866,11840.90554084342,13559.071640798658
2023-09-01,1.0970983908370944,1.0266594,1.0909054191867686,0.0017346144,-0.006192971650325729,1,-0.005644864400539723,-0.005644864400539723,0.0,1.177406523468576,1.3482532519989148,11774.06523468576,13482.532519989149
2023-09-05,1.0909054191867686,1.028394,1.0884147675447895,0.003109455,-0.002490651641979147,1,-0.002283105022831255,-0.002283105022831255,0.0,1.1747183807209307,1.3451750482272276,11747.183807209307,13451.750482272275
2023-09-06,1.0884147675447895,1.0315034,1.0945269613040243,0.0018062592,0.006112193759234774,1,0.005615684334219813,0.005615684334219813,0.0,1.1813152283286654,1.3527291266723407,11813.152283286654,13527.291266723407
2023-09-07,1.0945269613040243,1.0333097,1.0989529165867302,0.0036700964,0.004425955282705951,1,0.004043715174848547,0.004043715174848547,0.0,1.1860921306437375,1.3581991779693252,11860.921306437376,13581.991779693251
2023-09-08,1.0989529165867302,1.0369798,1.1098848578477403,0.0040472746,0.010931941261010047,1,0.009947597477573362,0.009947597477573362,0.0,1.1978908977306988,1.371709996686135,11978.908977306988,13717.09996686135
2023-09-11,1.1098848578477403,1.0410271,1.1029951768867527,0.0017123222,-0.006889680960987521,1,-0.006207563705615203,-0.006207563705615203,0.0,1.190454913670659,1.3631950194960767,11904.54913670659,13631.950194960767
2023-09-12,1.1029951768867527,1.0427394,1.1021571062666813,-0.0031292439,-0.0008380706200714627,-1,-0.0007598134947760605,-0.0002401865052239395,-2.0,1.1895503899623296,1.3628675984484053,11895.503899623296,13628.675984484053
2023-09-13,1.1021571062666813,1.0396101,1.110352696466977,0.00301826,0.0081955902002957,1,0.007435954596397321,0.006435954596397321,2.0,1.1983958326522164,1.3716389524329202,11983.958326522164,13716.389524329203
2023-09-14,1.110352696466977,1.0426284,1.1211500079095018,0.005652666,0.010797311442524826,1,0.009724217788528557,0.009724217788528557,0.0,1.2100492947257917,1.3849770683336071,12100.492947257917,13849.770683336072
2023-09-15,1.1211500079095018,1.0482811,1.1034798442333,-0.0008198023,-0.017670163676201778,-1,-0.015760748830702498,0.014760748830702497,-2.0,1.1909780117188498,1.405420366975562,11909.780117188498,14054.203669755621
2023-09-18,1.1034798442333,1.0474613,1.1109989195957066,0.000813365,0.007519075362406591,1,0.006813967107510567,0.005813967107510567,2.0,1.1990932967164702,1.4135914347613834,11990.932967164703,14135.914347613834
2023-09-19,1.1109989195957066,1.0482746,1.1241892760618084,0.005728364,0.013190356466101782,1,0.01187251961586224,0.01187251961586224,0.0,1.2133295554029855,1.4303743267994027,12133.295554029855,14303.743267994027
2023-09-20,1.1241892760618084,1.054003,1.1247446240630605,0.0016767979,0.0005553480012521206,1,0.000493998664706696,0.000493998664706696,0.0,1.213928938583204,1.4310809298068725,12139.289385832039,14310.809298068725
2023-09-21,1.1247446240630605,1.0556798,1.1072999653328217,-0.0006169081,-0.017444658730238816,-1,-0.01550988407236944,0.014509884072369441,-2.0,1.195101041473684,1.4518457481965488,11951.01041473684,14518.457481965488
2023-09-22,1.1072999653328217,1.0550629,1.1178886005566944,-0.005818367,0.010588635223872656,-1,0.009562571620500344,-0.009562571620500344,0.0,1.2065292807765107,1.4379623692475003,12065.292807765107,14379.623692475003
2023-09-25,1.1178886005566944,1.0492445,1.1126111116720687,0.0052542686,-0.005277488884625647,1,-0.0047209434660998644,-0.0057209434660998645,2.0,1.2008333242517706,1.4297358678266563,12008.333242517705,14297.358678266562
2023-09-26,1.1126111116720687,1.0544988,1.126949187340758,0.005707264,0.014338075668689276,1,0.012886870819707654,0.012886870819707654,0.0,1.2163083081774033,1.448160689261641,12163.083081774033,14481.60689261641
2023-09-27,1.126949187340758,1.060206,1.1510950452861053,0.005153537,0.024145857945347293,1,0.021425862156504008,0.021425862156504008,0.0,1.242368762328223,1.4791887805702286,12423.687623282229,14791.887805702287
2023-09-28,1.1510950452861053,1.0653596,1.1474095540050686,0.0035799742,-0.003685491281036679,1,-0.0032017263006467447,-0.0032017263006467447,0.0,1.2383910375867746,1.4744528229478553,12383.910375867747,14744.528229478552
2023-09-29,1.1474095540050686,1.0689396,1.1396818024240098,0.0031994581,-0.007727751581058762,1,-0.006734954885188819,-0.006734954885188819,0.0,1.2300505298184055,1.4645224497049623,12300.505298184054,14645.224497049623
2023-10-02,1.1396818024240098,1.072139,1.1428220429401807,0.0013508797,0.0031402405161709,1,0.0027553660236496413,0.0027553660236496413,0.0,1.2334397692556394,1.4685577451037515,12334.397692556393,14685.577451037514
2023-10-03,1.1428220429401807,1.0734899,1.1419671435927987,0.0012671947,-0.0008548993473820321,1,-0.0007480599036947176,-0.0007480599036947176,0.0,1.2325170824206366,1.467459175938379,12325.170824206367,14674.591759383791
2023-10-04,1.1419671435927987,1.0747571,1.149277542736553,0.006575346,0.007310399143754198,1,0.006401584480578481,0.006401584480578481,0.0,1.2404071446475085,1.4768532398249488,12404.071446475085,14768.532398249488
2023-10-05,1.149277542736553,1.0813324,1.1526230937259139,0.004220724,0.003345550989360957,1,0.0029110035347900748,0.0029110035347900748,0.0,1.2440179742301563,1.4811523648264455,12440.179742301563,14811.523648264456
2023-10-06,1.1526230937259139,1.0855532,1.1345557720851802,0.002086401,-0.018067321640733658,1,-0.015674960651994318,-0.015674960651994318,0.0,1.224518041433725,1.4579353597881826,12245.180414337248,14579.353597881825
2023-10-09,1.1345557720851802,1.0876396,1.1312169525867435,-0.0029325485,-0.003338819498436729,-1,-0.002942842988053704,0.0019428429880537041,-2.0,1.2209144771017464,1.4607678992789825,12209.144771017463,14607.678992789826
2023-10-10,1.1312169525867435,1.084707,1.1479379760426238,-1.8835068e-05,0.016721023455880335,-1,0.014781447022734696,-0.014781447022734696,0.0,1.2389613597643159,1.4391756359632788,12389.613597643158,14391.756359632787
2023-10-11,1.1479379760426238,1.0846882,1.119295482159866,-0.012613177,-0.028642493882757858,-1,-0.024951255625760692,0.024951255625760692,0.0,1.2080477181663962,1.4750848751465653,12080.477181663962,14750.848751465654
2023-10-12,1.119295482159866,1.072075,1.1369387198723708,0.006109476,0.017643237712504867,1,0.015762806152365878,0.014762806152365877,2.0,1.227089940170661,1.4968612672166408,12270.89940170661,14968.612672166408
2023-10-13,1.1369387198723708,1.0781845,1.1388437318039384,0.003362298,0.0019050119315675573,1,0.001675562541999984,0.001675562541999984,0.0,1.2291460061100759,1.4993693518865596,12291.460061100759,14993.693518865597
2023-10-16,1.1388437318039384,1.0815468,1.1223010928575514,0.0010910034,-0.016542638946386967,1,-0.014525819903476383,-0.014525819903476383,0.0,1.2112916525902437,1.4775897827122635,12112.916525902438,14775.897827122635
2023-10-17,1.1223010928575514,1.0826378,1.1240075258068531,-0.016192317,0.0017064329493017283,-1,0.0015204769559271187,-0.0025204769559271185,-2.0,1.2131333936349142,1.4738655517146237,12131.333936349143,14738.655517146237
2023-10-18,1.1240075258068531,1.0664455,1.123522858460306,0.005951524,-0.000484667346547063,1,-0.000431195819795914,-0.001431195819795914,2.0,1.212610295586724,1.4717561614980685,12126.10295586724,14717.561614980685
2023-10-19,1.123522858460306,1.072397,1.116172070371006,-0.01802516,-0.007350788089300009,-1,-0.00654262441920732,0.00554262441920732,-2.0,1.2046766418558361,1.4799135531379066,12046.766418558362,14799.135531379066
2023-10-20,1.116172070371006,1.0543718,1.0875363079791727,-0.017825127,-0.028635762391833408,-1,-0.025655329632388243,0.025655329632388243,0.0,1.1737702655085862,1.5178812231710985,11737.702655085863,15178.812231710985
2023-10-23,1.0875363079791727,1.0365467,1.0890105044915874,-0.009781361,0.0014741965124147605,-1,0.0013555377430607978,-0.0013555377430607978,0.0,1.1753613554051656,1.5158236778836067,11753.613554051657,15158.236778836068
2023-10-24,1.0890105044915874,1.0267653,1.0764057877358968,-0.00502491,-0.012604716755690637,-1,-0.011574467559039058,0.011574467559039058,0.0,1.1617571735268803,1.5333685298684938,11617.571735268804,15333.685298684939
2023-10-25,1.0764057877358968,1.0217404,1.0676279235706518,-0.0058517456,-0.008777864165244953,-1,-0.00815479093967735,0.00815479093967735,0.0,1.1522832866540982,1.5458728296630517,11522.832866540983,15458.728296630517
2023-10-26,1.0676279235706518,1.0158887,1.0615325585387279,-0.0064721107,-0.006095365031923983,-1,-0.0057092596562463484,0.0057092596562463484,0.0,1.145704602173037,1.5546986190431342,11457.04602173037,15546.986190431342
2023-10-27,1.0615325585387279,1.0094166,1.075507133697507,0.0076789856,0.013974575158779201,1,0.01316452806498574,0.01216452806498574,2.0,1.1607872625625273,1.5736107940270792,11607.872625625272,15736.107940270791
2023-10-30,1.075507133697507,1.0170956,1.0943586740309175,0.01666212,0.01885154033341041,1,0.017528047692812906,0.017528047692812906,0.0,1.1811335970619328,1.6011931190747108,11811.335970619328,16011.93119074711
2023-10-31,1.0943586740309175,1.0337577,1.0724880600179731,0.007538438,-0.021870614012944323,1,-0.019984868336070265,-0.019984868336070265,0.0,1.157528797637341,1.569193485409381,11575.287976373409,15691.93485409381
2023-11-01,1.0724880600179731,1.0412961,1.0942879933762126,-0.00817287,0.021799933358239487,-1,0.020326504481433718,-0.02132650448143372,-2.0,1.181057311929905,1.5357280735105612,11810.57311929905,15357.280735105613
2023-11-02,1.0942879933762126,1.0331233,1.104210210998583,0.008263707,0.009922217622370333,1,0.009067281814686882,0.008067281814686883,2.0,1.19176629141647,1.5481172246702972,11917.662914164699,15481.172246702972
2023-11-03,1.104210210998583,1.041387,1.1007266644452744,0.0086631775,-0.003483546553308514,1,-0.003154785672701033,-0.003154785672701033,0.0,1.1880065241951012,1.5432332466302456,11880.065241951012,15432.332466302456
2023-11-06,1.1007266644452744,1.0500501,1.0755677171158253,-0.015042663,-0.02515894732944912,-1,-0.022856671090209578,0.021856671090209577,-2.0,1.1608526498185507,1.5769631881173192,11608.526498185507,15769.631881173193
2023-11-07,1.0755677171158253,1.0350075,1.0823968146584944,-0.013853788,0.006829097542669027,-1,0.006349295757017982,-0.006349295757017982,0.0,1.1682232466225666,1.5669505824380323,11682.232466225665,15669.505824380323
2023-11-08,1.0823968146584944,1.0211537,1.1071215808233286,0.009586573,0.02472476616483421,1,0.022842608025075435,0.021842608025075434,2.0,1.1949085123309469,1.60117686980489,11949.085123309469,16011.7686980489
2023-11-09,1.1071215808233286,1.0307403,1.113731904910959,0.019786954,0.006610324087630515,1,0.0059707300463916905,0.0059707300463916905,0.0,1.2020429884882102,1.6107370646510213,12020.429884882102,16107.370646510213
2023-11-10,1.113731904910959,1.0505272,1.1288037130903936,0.007405877,0.015071808179434543,1,0.013532707569008278,0.013532707569008278,0.0,1.2183098847367981,1.6325346983175064,12183.09884736798,16325.346983175064
2023-11-13,1.1288037130903936,1.0579331,1.122671324858386,0.0040500164,-0.0061323882320076795,1,-0.005432643568489576,-0.005432643568489576,0.0,1.2116912413770555,1.6236657191883557,12116.912413770555,16236.657191883556
2023-11-14,1.122671324858386,1.0619831,1.129419644509964,0.004946947,0.006748319651578072,1,0.006010948620629735,0.006010948620629735,0.0,1.21897465517304,1.6334254904034746,12189.7465517304,16334.254904034746
2023-11-15,1.129419644509964,1.06693,1.1416911524649036,0.0055508614,0.012271507954939587,1,0.010865321862064818,0.010865321862064818,0.0,1.2322192071431948,1.6511731840944095,12322.192071431948,16511.731840944096
2023-11-16,1.1416911524649036,1.0724809,1.1442457532706631,0.0036599636,0.0025546008057595326,1,0.0022375585553449954,0.0022375585553449954,0.0,1.2349763697721983,1.6548677807788361,12349.763697721983,16548.67780778836
2023-11-17,1.1442457532706631,1.0761409,1.140213590207027,0.002600193,-0.004032163063636185,1,-0.0035238610692771397,-0.0035238610692771397,0.0,1.2306244846212808,1.6490362566313486,12306.244846212809,16490.362566313484
2023-11-20,1.140213590207027,1.0787411,1.1544035730753825,0.0037872791,0.0141899828683556,1,0.012445021696136024,0.012445021696136024,0.0,1.2459396330321888,1.6695585486228406,12459.396330321888,16695.585486228407
2023-11-21,1.1544035730753825,1.0825284,1.1701586275836302,0.004918456,0.015755054508247657,1,0.013647787373245467,0.013647787373245467,0.0,1.2629439522237116,1.6923443287016293,12629.439522237117,16923.443287016293
2023-11-22,1.1701586275836302,1.0874468,1.1678127029965233,0.003987193,-0.002345924587106918,1,-0.0020047919417141217,-0.0020047919417141217,0.0,1.260412012365457,1.6889515304288427,12604.12012365457,16889.515304288427
2023-11-24,1.1678127029965233,1.091434,1.1685699957255034,0.0043963194,0.0007572927289800635,1,0.0006484710493702499,0.0006484710493702499,0.0,1.2612293530657543,1.6900467666001153,12612.293530657544,16900.467666001154
2023-11-27,1.1685699957255034,1.0958303,1.166328409247722,0.0049010515,-0.0022415864777813876,1,-0.0019182303892628229,-0.0019182303892628229,0.0,1.2588100245928733,1.6868048675331475,12588.100245928732,16868.048675331476
2023-11-28,1.166328409247722,1.1007314,1.1732584791542553,0.005074978,0.0069300699065333315,1,0.005941782650225595,0.005941782650225595,0.0,1.266289600156929,1.6968274954293718,12662.89600156929,16968.27495429372
2023-11-29,1.1732584791542553,1.1058064,1.180319813133812,0.0044822693,0.007061333979556661,1,0.006018566330453313,0.006018566330453313,0.0,1.2739108481090367,1.7070399642619505,12739.108481090367,17070.399642619504
2023-11-30,1.180319813133812,1.1102886,1.1605258640710037,-0.0018503666,-0.01979394906280829,-1,-0.016769987966443013,0.01576998796644301,-2.0,1.252547378515927,1.7339599639565988,12525.473785159269,17339.59963956599
2023-12-01,1.1605258640710037,1.1084383,1.1721242229335163,0.0038166046,0.011598358862512592,1,0.009994054610576932,0.00899405461057693,2.0,1.2650654054191501,1.7495552945649784,12650.654054191502,17495.552945649782
2023-12-04,1.1721242229335163,1.1122549,1.1596103813053031,0.0016801357,-0.012513841628213118,1,-0.010676207677795695,-0.010676207677795695,0.0,1.2515593044249005,1.7308766788964158,12515.593044249004,17308.76678896416
2023-12-05,1.1596103813053031,1.113935,1.153228927909098,-0.003748417,-0.006381453396205217,-1,-0.005503101299439904,0.004503101299439904,-2.0,1.2446718467903937,1.7386709919183245,12446.718467903936,17386.709919183246
2023-12-06,1.153228927909098,1.1101866,1.1476552534238045,-0.015517354,-0.005573674485293445,-1,-0.004833103255048406,0.004833103255048406,0.0,1.2386562192362038,1.7470741683488231,12386.562192362038,17470.74168348823
2023-12-07,1.1476552534238045,1.0946692,1.1658100844465535,0.007309556,0.018154831022749063,1,0.0158190632322622,0.0148190632322622,2.0,1.258250600291336,1.7729641709210362,12582.50600291336,17729.641709210362
2023-12-08,1.1658100844465535,1.1019788,1.1594454597776587,0.004830599,-0.006364624668894869,1,-0.005459400938289494,-0.005459400938289494,0.0,1.2513813057835024,1.7632848486627564,12513.813057835023,17632.848486627565
2023-12-11,1.1594454597776587,1.1068094,1.171642921332431,0.0024375916,0.012197461554772415,1,0.010520082209913923,0.010520082209913923,0.0,1.2645459399962942,1.7818347502301841,12645.459399962941,17818.34750230184
2023-12-12,1.171642921332431,1.109247,1.1862233306743943,0.0066131353,0.014580409341963252,1,0.012444413802613111,0.012444413802613111,0.0,1.2802824729460225,1.8040086391899244,12802.824729460224,18040.086391899244
2023-12-13,1.1862233306743943,1.1158601,1.1815146527728695,0.0030308962,-0.004708677901524849,1,-0.003969469980705792,-0.003969469980705792,0.0,1.2752004301028395,1.796847681051726,12752.004301028395,17968.47681051726
2023-12-14,1.1815146527728695,1.118891,1.1806429246981769,9.191036e-05,-0.0008717280746926015,1,-0.0007378055554764073,-0.0007378055554764073,0.0,1.2742595801411636,1.7955219568503011,12742.595801411635,17955.219568503013
2023-12-15,1.1806429246981769,1.1189829,1.1846077728525701,0.0029064417,0.003964848154393241,1,0.0033582110826665284,0.0033582110826665284,0.0,1.2785388127853876,1.8015516985849667,12785.388127853876,18015.516985849667
2023-12-18,1.1846077728525701,1.1218894,1.2034997021315266,0.0018332005,0.018891929278956443,1,0.01594783498124795,0.01594783498124795,0.0,1.2989287387888095,1.8302825477841864,12989.287387888095,18302.825477841863
2023-12-19,1.2034997021315266,1.1237226,1.2145393472473252,0.0017410517,0.01103964511579858,1,0.00917295209649507,0.00917295209649507,0.0,1.3108437498864802,1.847071641918062,13108.437498864801,18470.71641918062
2023-12-20,1.2145393472473252,1.1254636,1.2085314915974164,0.0039898157,-0.0060078556499088,1,-0.004946612609566924,-0.004946612609566924,0.0,1.3043595136641197,1.8379348940433764,13043.595136641197,18379.348940433763
2023-12-21,1.2085314915974164,1.1294534,1.2108976106572962,0.0037310123,0.002366119059879823,1,0.0019578464246325328,0.0019578464246325328,0.0,1.3069132492743825,1.8415332883043867,13069.132492743825,18415.332883043866
2023-12-22,1.2108976106572962,1.1331844,1.2260569282187463,0.0037574768,0.01515931756145017,1,0.012519074633586426,0.012519074633586426,0.0,1.3232745937816712,1.864587580980903,13232.745937816711,18645.87580980903
2023-12-26,1.2260569282187463,1.1369419,1.2340808654004731,0.004564166,0.008023937181726781,1,0.006544506210967061,0.006544506210967061,0.0,1.3319347725794903,1.8767903859855244,13319.347725794903,18767.903859855243
2023-12-27,1.2340808654004731,1.1415061,1.222899858975265,0.003666997,-0.011181006425208029,1,-0.009060189440324615,-0.009060189440324615,0.0,1.3198671912177644,1.8597863095487157,13198.671912177644,18597.86309548716
2023-12-28,1.222899858975265,1.1451731,1.220479887987991,0.0037020445,-0.0024199709872740893,1,-0.0019788791122291208,-0.0019788791122291208,0.0,1.317255333602147,1.85610601726754,13172.55333602147,18561.0601726754
2023-12-29,1.220479887987991,1.1488751,1.220866948716136,0.0015867949,0.0003870607281450944,1,0.00031713814537589737,0.00031713814537589737,0.0,1.3176730855156322,1.8566946592874773,13176.730855156322,18566.946592874774
2024-01-02,1.220866948716136,1.1504619,1.220860217225212,0.0030269623,-6.731490924005712e-06,1,-5.513697402558525e-06,-5.513697402558525e-06,0.0,1.3176658202649632,1.8566844220349572,13176.65820264963,18566.844220349572
2024-01-03,1.220860217225212,1.1534889,1.2251952973804403,0.0022628307,0.00433508015522821,1,0.0035508407056469085,0.0035508407056469085,0.0,1.3223446416959994,1.8632772126582593,13223.446416959994,18632.772126582593
2024-01-04,1.2251952973804403,1.1557517,1.2302068923735572,0.0024199486,0.005011594993116875,1,0.004090445828376947,0.004090445828376947,0.0,1.3277536208193015,1.8708988471598873,13277.536208193014,18708.988471598874
2024-01-05,1.2302068923735572,1.1581717,1.2243504952694446,-0.0010538101,-0.005856397104112565,-1,-0.004760497718244166,0.003760497718244166,-2.0,1.3214328527370007,1.8779343580056977,13214.328527370008,18779.34358005698
2024-01-08,1.2243504952694446,1.1571178,1.2212405464624332,0.0018100739,-0.003109948807011431,1,-0.0025400804908622347,-0.0035400804908622347,2.0,1.3180763069277792,1.8712863192218019,13180.763069277793,18712.863192218018
2024-01-09,1.2212405464624332,1.1589279,1.2365883457697626,0.004054904,0.015347799307329435,1,0.012567384330455943,0.012567384330455943,0.0,1.3346410784538085,1.8948034935877864,13346.410784538086,18948.034935877866
2024-01-10,1.2365883457697626,1.1629828,1.246843772192884,0.0042283535,0.010255426423121383,1,0.008293322881623547,0.008293322881623547,0.0,1.3457096878485042,1.9105177107573383,13457.096878485041,19105.177107573385
2024-01-11,1.246843772192884,1.1672112,1.2585700293829578,0.0043399334,0.011726257190073808,1,0.00940475258536222,0.00940475258536222,0.0,1.3583657545144443,1.9284856571369637,13583.657545144442,19284.856571369637
2024-01-12,1.2585700293829578,1.1715511,1.2624372709189493,0.004655361,0.0038672415359914947,1,0.0030727265433831254,0.0030727265433831254,0.0,1.3625396410239636,1.9344113662041822,13625.396410239637,19344.113662041822
2024-01-16,1.2624372709189493,1.1762065,1.2648000242333672,0.0046174526,0.0023627533144179313,1,0.0018715807659085062,0.0018715807659085062,0.0,1.3650897440088918,1.9380317733105246,13650.897440088918,19380.317733105247
2024-01-17,1.2648000242333672,1.1808239,1.2795924755394448,0.0053824186,0.014792451306077536,1,0.011695486260797378,0.011695486260797378,0.0,1.3810551323547033,1.9606979972882665,13810.551323547033,19606.979972882666
2024-01-18,1.2795924755394448,1.1862063,1.2646317369602607,0.0013017654,-0.014960738579184119,1,-0.01169179943237556,-0.01169179943237556,0.0,1.3649081127421594,1.9377739095565119,13649.081127421594,19377.739095565117
2024-01-19,1.2646317369602607,1.1875081,1.2805853704507741,0.0044606924,0.015953633490513486,1,0.012615240488002086,0.012615240488002086,0.0,1.3821267568284268,1.9622193934369432,13821.267568284267,19622.193934369432
2024-01-22,1.2805853704507741,1.1919688,1.2825812575098194,0.004147649,0.001995887059045298,1,0.0015585739967829972,0.0015585739967829972,0.0,1.3842809036518775,1.9652776575595372,13842.809036518775,19652.776575595373
2024-01-23,1.2825812575098194,1.1961164,1.2711309914476405,0.0053429604,-0.011450266062178915,1,-0.008927517063838937,-0.008927517063838937,0.0,1.3719227122633788,1.947732607736493,13719.227122633789,19477.32607736493
2024-01-24,1.2711309914476405,1.2014594,1.2706227638828587,-0.0010592937,-0.0005082275647818602,-1,-0.00039982312460422353,-0.0006001768753957765,-2.0,1.3713741858378463,1.946563623665875,13713.741858378464,19465.63623665875
2024-01-25,1.2706227638828587,1.2004001,1.248681469215209,-0.008453369,-0.021941294667649602,-1,-0.017268142277413516,0.017268142277413516,0.0,1.3476931012812263,1.9801771612713748,13476.931012812263,19801.771612713746
2024-01-26,1.248681469215209,1.1919467,1.2490752614342786,-0.010861397,0.0003937922190695442,-1,0.0003153664315344096,-0.0003153664315344096,0.0,1.348118118445381,1.9795526798662186,13481.18118445381,19795.526798662188
2024-01-29,1.2490752614342786,1.1810853,1.2560625490136683,0.00475955,0.006987287579389712,1,0.005593968430186026,0.004593968430186026,2.0,1.355659448640126,1.9886466823834144,13556.594486401262,19886.466823834144
2024-01-30,1.2560625490136683,1.1858449,1.2360498264958213,-0.00023889542,-0.020012722517847026,-1,-0.01593290281090074,0.01493290281090074,-2.0,1.3340598584002636,2.018342950016666,13340.598584002637,20183.429500166658
2024-01-31,1.2360498264958213,1.185606,1.210086466000922,-0.025118947,-0.025963360494899224,-1,-0.02100510832035378,0.02100510832035378,0.0,1.3060377865687303,2.0607384623093883,13060.377865687302,20607.384623093883
2024-02-01,1.210086466000922,1.160487,1.2117592414956027,-0.018731356,0.0016727754946805895,-1,0.0013823603037299939,-0.0013823603037299939,0.0,1.3078432013600543,2.057889779262722,13078.432013600543,20578.897792627224
2024-02-02,1.2117592414956027,1.1417557,1.2261915580372318,0.008703113,0.014432316541629131,1,0.011910217844772678,0.010910217844772679,2.0,1.3234198987950576,2.0803418050550095,13234.198987950576,20803.418050550095
2024-02-05,1.2261915580372318,1.1504588,1.2269252905479768,0.003868103,0.0007337325107450443,1,0.0005983832672274567,0.0005983832672274567,0.0,1.3242118111180123,2.0815866467812683,13242.118111180123,20815.866467812684
2024-02-06,1.2269252905479768,1.1543269,1.235965682859268,-0.0122751,0.009040392311291168,-1,0.007368331536513925,-0.008368331536513925,-2.0,1.3339690427668973,2.0641672395990223,13339.690427668973,20641.672395990223
2024-02-07,1.235965682859268,1.1420518,1.2468202119746492,0.01332581,0.010854529115381206,1,0.008782225320585334,0.007782225320585334,2.0,1.3456842594711618,2.080231054156952,13456.842594711617,20802.31054156952
2024-02-08,1.2468202119746492,1.1553776,1.192561029379592,-0.008666158,-0.05425918259505713,-1,-0.043518048611936,0.042518048611936,-2.0,1.2871227064511788,2.1686784192416564,12871.227064511788,21686.784192416562
2024-02-09,1.192561029379592,1.1467115,1.1166668349539397,-0.023040414,-0.07589419442565237,-1,-0.0636396734053392,0.0636396734053392,0.0,1.2052106377800296,2.306692405563403,12052.106377800295,23066.924055634026
2024-02-12,1.1166668349539397,1.123671,1.1352726758686147,-0.026509762,0.018605840914674987,-1,0.016661944576729943,-0.016661944576729943,0.0,1.2252917906300058,2.2682584245463415,12252.917906300057,22682.584245463415
2024-02-13,1.1352726758686147,1.0971613,1.1644570547707758,-0.0052279234,0.02918437890216108,-1,0.025706933252693374,-0.025706933252693374,0.0,1.2567902849068044,2.209948456626669,12567.902849068045,22099.484566266692
2024-02-14,1.1644570547707758,1.0919334,1.1508055911763615,-0.008997202,-0.01365146359441427,-1,-0.011723458188933873,0.011723458188933873,0.0,1.2420563565494414,2.2358566949576306,12420.563565494414,22358.566949576307
2024-02-15,1.1508055911763615,1.0829362,1.1717035047507496,0.011760473,0.020897913574388083,1,0.01815937786070894,0.017159377860708938,2.0,1.264611327252318,2.2742226048288043,12646.11327252318,22742.226048288045
2024-02-16,1.1717035047507496,1.0946966,1.1842308093608112,0.011052012,0.012527304610061574,1,0.01069153122719936,0.01069153122719936,0.0,1.2781319587479063,2.298537526825934,12781.319587479064,22985.37526825934
2024-02-20,1.1842308093608112,1.1057487,1.1926788304707665,0.005756736,0.00844802110995535,1,0.007133762306450355,0.007133762306450355,0.0,1.2872498483378918,2.3149347471947666,12872.498483378919,23149.347471947665
2024-02-21,1.1926788304707665,1.1115054,1.2146840743021967,0.013466597,0.02200524383143021,1,0.01845026780826188,0.01845026780826188,0.0,1.3109999527758704,2.357645913239161,13109.999527758704,23576.45913239161
2024-02-22,1.2146840743021967,1.124972,1.2344645603831563,0.011404395,0.019780486080959614,1,0.016284469764142558,0.016284469764142558,0.0,1.3323488918676416,2.396038926827859,13323.488918676416,23960.389268278588
2024-02-23,1.2344645603831563,1.1363764,1.244349754805443,0.009208441,0.009885194422286636,1,0.008007677773445715,0.008007677773445715,0.0,1.343017912475525,2.415225634486529,13430.17912475525,24152.25634486529
2024-02-26,1.244349754805443,1.1455848,1.2533463924257262,0.0061570406,0.008996637620283243,1,0.007229991074085026,0.007229991074085026,0.0,1.3527279199950593,2.432687694265768,13527.279199950593,24326.87694265768
2024-02-27,1.2533463924257262,1.1517419,1.2687110204603667,0.006388545,0.015364628034640448,1,0.012258883998464105,0.012258883998464105,0.0,1.3693108546477624,2.462509730514263,13693.108546477624,24625.09730514263
2024-02-28,1.2687110204603667,1.1581304,1.2687817011150715,0.0048549175,7.068065470483553e-05,1,5.571060199287008e-05,5.571060199287008e-05,0.0,1.3693871397797903,2.4626469184137636,13693.871397797902,24626.469184137637
2024-02-29,1.2687817011150715,1.1629853,1.280454106377751,0.005093336,0.011672405262679542,1,0.009199695465674847,0.009199695465674847,0.0,1.3819850844403758,2.485302520102653,13819.850844403758,24853.02520102653
2024-03-01,1.280454106377751,1.1680787,1.2685797563873433,0.0019125938,-0.011874349990407707,1,-0.009273545948475107,-0.009273545948475107,0.0,1.3691691822597107,2.46225495298662,13691.691822597108,24622.5495298662
2024-03-04,1.2685797563873433,1.1699913,1.281090232270094,0.007434964,0.012510475882750782,1,0.009861796879352756,0.009861796879352756,0.0,1.3826716506286256,2.4865372111981547,13826.716506286257,24865.37211198155
2024-03-05,1.281090232270094,1.1774262,1.2687143862058288,0.004850626,-0.012375846064265339,1,-0.00966040154902697,-0.00966040154902697,0.0,1.3693144872730973,2.462516263271383,13693.144872730973,24625.16263271383
2024-03-06,1.2687143862058288,1.1822768,1.2759911278949618,0.004436016,0.007276741689133059,1,0.0057355239037642025,0.0057355239037642025,0.0,1.377168223246623,2.476640084162784,13771.68223246623,24766.40084162784
2024-03-07,1.2759911278949618,1.1867129,1.2701986799546297,0.0028113127,-0.005792447940332179,1,-0.004539567567282496,-0.004539567567282496,0.0,1.3709164750456806,2.465397209160887,13709.164750456806,24653.97209160887
2024-03-08,1.2701986799546297,1.1895242,1.2720296454860303,0.0019881725,0.001830965531400608,1,0.0014414796364502665,0.0014414796364502665,0.0,1.3728926232277332,2.4689510290336543,13728.926232277332,24689.510290336544
2024-03-11,1.2720296454860303,1.1915123,1.2757824516763097,0.006496191,0.0037528061902794008,1,0.0029502505728516175,0.0029502505728516175,0.0,1.3769430004758745,2.4762350532214032,13769.430004758744,24762.350532214034
2024-03-12,1.2757824516763097,1.1980085,1.2363325491146406,-0.011341453,-0.039449902561669026,-1,-0.030922123524926973,0.029922123524926972,-2.0,1.334364998928376,2.550329264360648,13343.649989283758,25503.29264360648
2024-03-13,1.2363325491146406,1.1866671,1.2408426480338997,-0.02245903,0.00451009891925902,-1,0.003647965850683767,-0.003647965850683767,0.0,1.3392327168768143,2.541025750296261,13392.327168768143,25410.25750296261
2024-03-14,1.2408426480338997,1.164208,1.2365513225696791,-0.014115572,-0.004291325464220508,-1,-0.0034583961721657954,0.0034583961721657954,0.0,1.3346011195751284,2.54981362402446,13346.011195751284,25498.1362402446
2024-03-15,1.2365513225696791,1.1500925,1.2145864676837947,-0.012308955,-0.0219648548858844,-1,-0.017762994940023355,0.017762994940023355,0.0,1.310894606641166,2.595105950526009,13108.94606641166,25951.059505260087
2024-03-18,1.2145864676837947,1.1377835,1.2308901387023705,0.0056518316,0.01630367101857577,1,0.013423227948247046,0.012423227948247045,2.0,1.3284910437622381,2.6273455432992456,13284.910437622382,26273.455432992458
2024-03-19,1.2308901387023705,1.1434354,1.2328792942704914,0.0089787245,0.0019891555681208484,1,0.0016160301440206978,0.0016160301440206978,0.0,1.3306379253350193,2.6315914128959754,13306.379253350193,26315.914128959754
2024-03-20,1.2328792942704914,1.1524141,1.2534305360622795,0.010722756,0.020551241791788133,1,0.01666930565489668,0.01666930565489668,0.0,1.3528187356284265,2.67545821451634,13528.187356284265,26754.5821451634
2024-03-21,1.2534305360622795,1.1631368,1.2688658447516248,0.010361552,0.015435308689345284,1,0.012314450817383266,0.012314450817383266,0.0,1.3694779554131575,2.7084050131129658,13694.779554131575,27084.050131129658
2024-03-22,1.2688658447516248,1.1734984,1.2728609846151775,0.006445408,0.00399513986355271,1,0.003148591224263541,0.003148591224263541,0.0,1.3737898816853937,2.7169326733690045,13737.898816853938,27169.326733690046
2024-03-25,1.2728609846151775,1.1799438,1.2864249388275761,0.0036796331,0.013563954212398643,1,0.010656273054436826,0.010656273054436826,0.0,1.3884293617840557,2.7458850498069456,13884.293617840558,27458.850498069456
2024-03-26,1.2864249388275761,1.1836234,1.2817701128534453,0.0009536743,-0.004654825974130805,1,-0.0036184201919881366,-0.0036184201919881366,0.0,1.383405440946227,2.735949283897846,13834.054409462271,27359.492838978458
2024-03-27,1.2817701128534453,1.1845771,1.30228433144515,-0.00021612644,0.020514218591704658,-1,0.016004600502063825,-0.017004600502063826,-2.0,1.4055462923609527,2.689425559331255,14055.462923609528,26894.25559331255
2024-03-28,1.30228433144515,1.184361,1.3046437190141058,0.0058920383,0.0023593875689558175,1,0.0018117299824513713,0.0008117299824513713,2.0,1.4080927627205464,2.691608646693335,14080.927627205465,26916.08646693335
2024-04-01,1.3046437190141058,1.190253,1.3054043774885478,0.0032663345,0.0007606584744419553,1,0.0005830392338965694,0.0005830392338965694,0.0,1.4089137360461783,2.6931779601366523,14089.137360461784,26931.779601366525
2024-04-02,1.3054043774885478,1.1935194,1.3107087923368705,0.0049128532,0.00530441484832278,1,0.004063426582441743,0.004063426582441743,0.0,1.4146387535735956,2.7041214910511178,14146.387535735956,27041.21491051118
2024-04-03,1.3107087923368705,1.1984322,1.3127248738686885,0.0052182674,0.0020160815318179814,1,0.0015381612938015756,0.0015381612938015756,0.0,1.416814696149054,2.708280866062389,14168.14696149054,27082.80866062389
2024-04-04,1.3127248738686885,1.2036505,1.3223408086540047,0.0032761097,0.009615934785316194,1,0.007325171463367939,0.007325171463367939,0.0,1.4271931067301653,2.728119487777255,14271.931067301653,27281.19487777255
2024-04-05,1.3223408086540047,1.2069266,1.3200319072669808,0.0036213398,-0.0023089013870238873,1,-0.001746071339486294,-0.001746071339486294,0.0,1.4247011257505913,2.723355996528953,14247.011257505912,27233.55996528953
2024-04-08,1.3200319072669808,1.2105479,1.3103250973541876,0.0035300255,-0.009706809912793268,1,-0.007353466124080616,-0.007353466124080616,0.0,1.4142246342854448,2.7033298904646657,14142.246342854447,27033.298904646657
2024-04-09,1.3103250973541876,1.214078,1.3208295889415065,0.0044908524,0.01050449158731892,1,0.008016706394870725,0.008016706394870725,0.0,1.4255620579549044,2.7250016924849985,14255.620579549044,27250.016924849984
2024-04-10,1.3208295889415065,1.2185688,1.3007731117326522,-0.00065743923,-0.020056477208854284,-1,-0.015184757652898473,0.014184757652898474,-2.0,1.4039152435856919,2.7636551810966363,14039.152435856919,27636.551810966364
2024-04-11,1.3007731117326522,1.2179114,1.3007899404599625,-0.003107667,1.6828727310347347e-05,-1,1.2937480916968827e-05,-1.2937480916968827e-05,0.0,1.4039334067123648,2.76361942636047,14039.334067123647,27636.1942636047
2024-04-12,1.3007899404599625,1.2148037,1.3140139543806857,-0.003794551,0.013224013920723143,-1,0.010166140980493052,-0.010166140980493052,0.0,1.4182059916522265,2.73552408165566,14182.059916522265,27355.240816556598
2024-04-15,1.3140139543806857,1.2110091,1.3141216582354742,0.007017255,0.00010770385478853228,1,8.196553349335982e-05,-0.0009180344665066403,2.0,1.4183222356629357,2.733012776264741,14183.222356629358,27330.127762647408
2024-04-16,1.3141216582354742,1.2180264,1.3078411772031329,-0.0043809414,-0.006280481032341356,-1,-0.004779223440221219,0.003779223440221219,-2.0,1.4115437567884686,2.7433414422112246,14115.437567884686,27433.414422112244
2024-04-17,1.3078411772031329,1.2136455,1.3188337018824614,0.0050700903,0.010992524679328541,1,0.008405091436894857,0.007405091436894857,2.0,1.423407911131454,2.7636561364334216,14234.079111314539,27636.561364334215
2024-04-18,1.3188337018824614,1.2187155,1.3277731218298883,0.004680991,0.008939419947426863,1,0.00677827684769279,0.00677827684769279,0.0,1.433056164020299,2.782388962837992,14330.56164020299,27823.889628379922
2024-04-19,1.3277731218298883,1.2233965,1.3266725230637708,0.0020827055,-0.0011005987661174554,1,-0.0008289057430238161,-0.0008289057430238161,0.0,1.4318682955358668,2.7800826246473695,14318.682955358669,27800.826246473694
2024-04-22,1.3266725230637708,1.2254792,1.3450898822325663,0.0033882856,0.0184173591687955,1,0.013882370252353685,0.013882370252353685,0.0,1.4517460213671023,2.8186767609748595,14517.460213671024,28186.767609748596
2024-04-23,1.3450898822325663,1.2288675,1.357519580224226,0.0038666725,0.012429697991659605,1,0.009240793612266951,0.009240793612266951,0.0,1.4651613067279854,2.8447235711827212,14651.613067279854,28447.235711827212
2024-04-24,1.357519580224226,1.2327342,1.3406370009861632,-0.0006393194,-0.01688257923806269,-1,-0.01243634308042477,0.011436343080424769,-2.0,1.4469400580493528,2.877256805911738,14469.400580493528,28772.568059117377
2024-04-25,1.3406370009861632,1.2320949,1.3605083621946006,0.004548192,0.019871361208437355,1,0.014822327888772368,0.013822327888772367,2.0,1.4683870780251598,2.9170271929032516,14683.870780251598,29170.271929032515
2024-04-26,1.3605083621946006,1.2366431,1.3550592202914062,0.0024260283,-0.005449141903194343,1,-0.004005224851690345,-0.004005224851690345,0.0,1.4625058576083525,2.905343843097179,14625.058576083526,29053.43843097179
2024-04-29,1.3550592202914062,1.2390691,1.3545173352720026,0.005020976,-0.0005418850194036651,1,-0.00039989766593900774,-0.00039989766593900774,0.0,1.4619210049294729,2.9041820028755745,14619.210049294728,29041.820028755745
2024-04-30,1.3545173352720026,1.2440901,1.3460625826711228,0.0038226843,-0.0084547526008798,1,-0.006241893241759057,-0.006241893241759057,0.0,1.452795850088818,2.8860544088589872,14527.95850088818,28860.54408858987
2024-05-01,1.3460625826711228,1.2479128,1.3466684168543068,0.0040950775,0.0006058341831840508,1,0.0004500787637836535,0.0004500787637836535,0.0,1.453449722649056,2.8873533606595387,14534.49722649056,28873.53360659539
2024-05-02,1.3466684168543068,1.2520078,1.3410476219325438,-0.0027872324,-0.005620794921763039,-1,-0.0041738521906474185,0.0031738521906474184,-2.0,1.4473832383401815,2.896517393448441,14473.832383401814,28965.17393448441
2024-05-03,1.3410476219325438,1.2492206,1.3440599641211533,0.00037240982,0.0030123421886094626,1,0.002246260415620786,0.001246260415620786,2.0,1.450634438014698,2.900127208419053,14506.34438014698,29001.272084190532
2024-05-06,1.3440599641211533,1.249593,1.3464765693629654,0.0017578602,0.0024166052418121975,1,0.0017979891569736284,0.0017979891569736284,0.0,1.453242663004981,2.9053416056936348,14532.426630049811,29053.41605693635
2024-05-07,1.3464765693629654,1.2513509,1.341680382079425,0.0027263165,-0.004796187283540476,1,-0.0035620280312858403,-0.0035620280312858403,0.0,1.448066171903097,2.8949926974536933,14480.66171903097,28949.92697453693
2024-05-08,1.341680382079425,1.2540772,1.346045753943812,0.0020262003,0.004365371864387013,1,0.0032536600539848927,0.0032536600539848927,0.0,1.452777686962145,2.9044120195499765,14527.77686962145,29044.120195499767
2024-05-09,1.346045753943812,1.2561034,1.326756666700324,-0.0033453703,-0.01928908724348788,-1,-0.014330186910045454,0.013330186910045453,-2.0,1.4319591111692338,2.9431283746343606,14319.591111692338,29431.283746343604
2024-05-10,1.326756666700324,1.252758,1.3092144013516833,-0.026988506,-0.017542265348640784,-1,-0.013221916112371097,0.013221916112371097,0.0,1.4130258679250087,2.982042171111715,14130.258679250088,29820.42171111715
2024-05-13,1.3092144013516833,1.2257695,1.309863990225875,-0.011119366,0.0006495888741917533,-1,0.0004961669177493714,-0.0004961669177493714,0.0,1.4137269646145973,2.980562580439076,14137.269646145973,29805.62580439076
2024-05-14,1.309863990225875,1.2146502,1.3089485074601748,-0.0054495335,-0.000915482765700304,-1,-0.0006989143701419234,0.0006989143701419234,0.0,1.4127388905235712,2.982645738457652,14127.388905235712,29826.457384576523
2024-05-15,1.3089485074601748,1.2092006,1.3568969173137313,0.015058517,0.04794840985355653,1,0.03663124223778175,0.035631242237781746,2.0,1.464489271041075,3.088921111274124,14644.892710410752,30889.211112741243
2024-05-16,1.3568969173137313,1.2242591,1.3846037339580157,0.020808816,0.027706816644284427,1,0.020419249458636855,0.020419249458636855,0.0,1.49439304279596,3.15199456200328,14943.9304279596,31519.945620032802
2024-05-17,1.3846037339580157,1.245068,1.3945495117986206,0.00926888,0.009945777840604908,1,0.0071831222151727105,0.0071831222151727105,0.0,1.5051274506598673,3.1746357241637098,15051.274506598673,31746.3572416371
2024-05-20,1.3945495117986206,1.2543368,1.4053535547320697,0.0074869394,0.010804042933449054,1,0.007747335495829429,0.007747335495829429,0.0,1.516788177984112,3.1992306921958518,15167.88177984112,31992.306921958516
2024-05-21,1.4053535547320697,1.2618238,1.4035831726189876,0.0065191984,-0.001770382113082114,1,-0.001259741441661374,-0.001259741441661374,0.0,1.5148774170580832,3.1952004887114573,15148.774170580831,31952.004887114574
2024-05-22,1.4035831726189876,1.268343,1.397575316969079,0.0038784742,-0.006007855649908578,1,-0.004280370246031335,-0.004280370246031335,0.0,1.508393180835723,3.181523847609472,15083.931808357229,31815.238476094717
2024-05-23,1.397575316969079,1.2722214,1.3988980549356975,0.0017962456,0.0013227379666185257,1,0.0009464520091032711,0.0009464520091032711,0.0,1.5098208025922428,3.184535007247052,15098.208025922428,31845.350072470523
2024-05-24,1.3988980549356975,1.2740177,1.3730188380773514,-0.00080645084,-0.025879216858346155,-1,-0.018499716092275024,0.017499716092275023,-2.0,1.4818895463940756,3.2402634657597864,14818.895463940755,32402.634657597864
2024-05-28,1.3730188380773514,1.2732112,1.3600203291025912,-0.011044979,-0.012998508974760181,-1,-0.009467101699028464,0.009467101699028464,0.0,1.4678603473516358,3.2709393695217805,14678.603473516358,32709.393695217805
2024-05-29,1.3600203291025912,1.2621663,1.3586336419721923,-0.0033166409,-0.0013866871303989114,-1,-0.0010196076490370672,0.0010196076490370672,0.0,1.466363705713758,3.274274444322481,14663.63705713758,32742.744443224812
2024-05-30,1.3586336419721923,1.2588496,1.3735405286239823,0.0039868355,0.014906886651790074,1,0.010971969331004671,0.009971969331004672,2.0,1.4824526033209475,3.3069254086625577,14824.526033209475,33069.25408662558
2024-05-31,1.3735405286239823,1.2628365,1.382372244716621,0.004446268,0.008831716092638553,1,0.00642989115252842,0.00642989115252842,0.0,1.4919846121990836,3.3281885790897885,14919.846121990837,33281.88579089788
2024-06-03,1.382372244716621,1.2672827,1.3836444965013073,0.005525589,0.0012722517846863735,1,0.0009203395030165542,0.0009203395030165542,0.0,1.4933577445755835,3.3312516425126137,14933.577445755835,33312.51642512614
2024-06-04,1.3836444965013073,1.2728083,1.399773148755852,0.006849885,0.01612865225454474,1,0.011656644676669301,0.011656644676669301,0.0,1.5107652851792532,3.370082859237954,15107.652851792533,33700.82859237954
2024-06-05,1.399773148755852,1.2796582,1.4023816014890056,0.0044077635,0.0026084527331535767,1,0.0018634824760512263,0.0018634824760512263,0.0,1.5135805698136113,3.376362949588985,15135.805698136113,33763.62949588985
2024-06-06,1.4023816014890056,1.284066,1.40712057109969,0.0074903965,0.004738969610684318,1,0.0033792297372217564,0.0033792297372217564,0.0,1.5186953062848065,3.38777245567189,15186.953062848066,33877.7245567189
2024-06-07,1.40712057109969,1.2915564,1.4037110709465483,0.0017573833,-0.0034095001531415647,1,-0.0024230334082011033,-0.0024230334082011033,0.0,1.5150154568208,3.3795637698324135,15150.154568208001,33795.637698324135
2024-06-10,1.4037110709465483,1.2933137,1.4158715093012375,0.0036622286,0.012160438354689163,1,0.008663063650619463,0.008663063650619463,0.0,1.528140132154911,3.4088411458817993,15281.40132154911,34088.411458817995
2024-06-11,1.4158715093012375,1.296976,1.4168341125034078,0.003211379,0.0009626032021703423,1,0.0006798662137395556,0.0006798662137395556,0.0,1.5291790630006226,3.4111587018048892,15291.790630006226,34111.58701804889
2024-06-12,1.4168341125034078,1.3001873,1.4257264120143651,0.0027008057,0.008892299510957269,1,0.0062761754763551265,0.0062761754763551265,0.0,1.5387764591347828,3.4325677323951127,15387.764591347828,34325.677323951124
2024-06-13,1.4257264120143651,1.3028882,1.4323367361019954,0.0026664734,0.006610324087630293,1,0.004636460426015935,0.004636460426015935,0.0,1.545910935292046,3.4484826968459816,15459.109352920459,34484.82696845982
2024-06-14,1.4323367361019954,1.3055546,1.4297619408234634,0.0024713278,-0.002574795278531994,1,-0.0017976186839549475,-0.0017976186839549475,0.0,1.5431319769110348,3.4422836399188363,15431.319769110347,34422.83639918837
2024-06-17,1.4297619408234634,1.308026,1.4303105573337909,0.0031899214,0.0005486165103274487,1,0.0003837117877200425,0.0003837117877200425,0.0,1.5437240948405835,3.4436044847281493,15437.240948405835,34436.04484728149
2024-06-18,1.4303105573337909,1.3112159,1.4217548323690472,0.0018582344,-0.00855572496474366,1,-0.005981725381858463,-0.005981725381858463,0.0,1.534489961239889,3.423005788376769,15344.89961239889,34230.05788376769
2024-06-20,1.4217548323690472,1.3130741,1.4226164632073532,0.0003772974,0.0008616308383060378,1,0.0006060333460378089,0.0006060333460378089,0.0,1.5354199133255606,3.425080244028206,15354.199133255606,34250.80244028206
2024-06-21,1.4226164632073532,1.3134514,1.4273756272908102,0.0032048225,0.0047591640834570015,1,0.003345359910096394,0.003345359910096394,0.0,1.5405564455487635,3.436538370165441,15405.564455487634,34365.38370165441
2024-06-24,1.4273756272908102,1.3166562,1.4253157910679846,-0.0012186766,-0.002059836222825684,-1,-0.0014430933129601614,0.00044309331296016135,-2.0,1.5383332788439545,3.4380610773369926,15383.332788439546,34380.610773369925
2024-06-25,1.4253157910679846,1.3154376,1.4238415945555702,-0.0020766258,-0.0014741965124143164,-1,-0.0010342946606307544,0.0010342946606307544,0.0,1.5367421889473756,3.4416170455522046,15367.421889473755,34416.17045552205
2024-06-26,1.4238415945555702,1.3133609,1.420058496656132,0.003043294,-0.0037830978994382036,1,-0.002656965433446997,-0.003656965433446997,2.0,1.5326591180712228,3.4290311709814585,15326.591180712228,34290.31170981458
2024-06-27,1.420058496656132,1.3164042,1.418409281379686,-0.0029451847,-0.0016492152764460144,-1,-0.0011613713662708169,0.00016137136627081684,-2.0,1.530879131657241,3.4295845184265055,15308.79131657241,34295.845184265054
2024-06-28,1.418409281379686,1.313459,1.3729919121136545,-0.029357076,-0.04541736926603157,-1,-0.032019932372308026,0.032019932372308026,0.0,1.4818604853913984,3.5393995827716367,14818.604853913983,35393.99582771637
2024-07-01,1.3729919121136545,1.284102,1.3491927259509071,-0.026462197,-0.023799186162747343,-1,-0.017333813806746794,0.017333813806746794,0.0,1.4561741916500484,3.6007508761270772,14561.741916500483,36007.50876127077
2024-07-02,1.3491927259509071,1.2576398,1.3822611751163705,0.010656953,0.033068449165463365,1,0.024509803921568596,0.023509803921568595,2.0,1.4918647355630397,3.6854038231952413,14918.647355630397,36854.038231952414
2024-07-03,1.3822611751163705,1.2682967,1.39719835347732,0.011714697,0.014937178360949543,1,0.01080633575611498,0.01080633575611498,0.0,1.5079863267982416,3.725229534305559,15079.863267982417,37252.29534305559
2024-07-05,1.39719835347732,1.2800114,1.4107757706715673,0.012632012,0.013577417194247321,1,0.009717601771041392,0.009717601771041392,0.0,1.5226403373982424,3.7614298314256627,15226.403373982424,37614.29831425663
2024-07-08,1.4107757706715673,1.2926434,1.404448169202756,0.0044816732,-0.006327601468811395,1,-0.004485192899080827,-0.004485192899080827,0.0,1.5158110017690898,3.744559093055362,15158.110017690899,37445.59093055362
2024-07-09,1.404448169202756,1.2971251,1.3756710455015129,-0.0071668625,-0.02877712370124308,-1,-0.020489986268114543,0.019489986268114542,-2.0,1.4847520551577842,3.8175404983591545,14847.520551577842,38175.40498359154
2024-07-10,1.3756710455015129,1.2899582,1.3753580311735343,-0.020735621,-0.0003130143279785891,-1,-0.0002275357390141747,0.0002275357390141747,0.0,1.484414221001661,3.8184091252576655,14844.142210016611,38184.091252576654
2024-07-11,1.3753580311735343,1.2692226,1.3698112826519382,-0.018063068,-0.00554674852159609,-1,-0.004032948800148632,0.004032948800148632,0.0,1.478427654450149,3.8338085737578504,14784.276544501488,38338.085737578505
2024-07-12,1.3698112826519382,1.2511595,1.365708438933597,-0.012293577,-0.0041028437183412425,-1,-0.0029951890237012693,0.0029951890237012693,0.0,1.4739994841672035,3.8452915551169418,14739.994841672034,38452.91555116942
2024-07-15,1.365708438933597,1.238866,1.3965857878032117,0.011587024,0.030877348869614796,1,0.022609034248719396,0.021609034248719395,2.0,1.5073251889873345,3.928384592027775,15073.251889873345,39283.84592027775
2024-07-16,1.3965857878032117,1.250453,1.4001029918111414,0.012824655,0.003517204007929653,1,0.0025184303310590832,0.0025184303310590832,0.0,1.5111212824620495,3.9382779549364026,15111.212824620494,39382.77954936403
2024-07-17,1.4001029918111414,1.2632776,1.372301934293917,-0.0061244965,-0.027801057517224503,-1,-0.019856437476261434,0.018856437476261433,-2.0,1.4811157971977937,4.012539846957799,14811.157971977937,40125.398469577995
2024-07-18,1.372301934293917,1.2571532,1.3654661052603236,-0.007583976,-0.006835829033593255,-1,-0.004981286452176034,0.004981286452176034,0.0,1.4737379351431086,4.032527457336267,14737.379351431086,40325.274573362665
2024-07-19,1.3654661052603236,1.2495692,1.3290049846690295,-0.017297626,-0.03646112059129414,-1,-0.026702325638718723,0.026702325638718723,0.0,1.4343857048927844,4.140205318649134,14343.857048927845,41402.053186491336
2024-07-22,1.3290049846690295,1.2322716,1.3550053683640122,-0.0047267675,0.0260003836949827,-1,0.01956379697210672,-0.01956379697210672,0.0,1.462447735602999,4.059207182372245,14624.477356029991,40592.07182372245
2024-07-23,1.3550053683640122,1.2275448,1.3704676030170542,0.0009860992,0.015462234653041973,1,0.011411198076440504,0.010411198076440503,2.0,1.4791360163904066,4.101468392381233,14791.360163904066,41014.68392381233
2024-07-24,1.3704676030170542,1.2285309,1.390123556515915,0.019391775,0.019655953498860734,1,0.014342515981836116,0.014342515981836116,0.0,1.5003505483447956,4.160293768347957,15003.505483447956,41602.93768347957
2024-07-25,1.390123556515915,1.2479227,1.4008232613400378,0.008369327,0.010699704824122858,1,0.007696945191648769,0.007696945191648769,0.0,1.5118986642836658,4.19231532146409,15118.986642836659,41923.1532146409
2024-07-26,1.4008232613400378,1.256292,1.4008232613400378,0.011536121,0.0,1,0.0,0.0,0.0,1.5118986642836658,4.19231532146409,15118.986642836659,41923.1532146409
